{
    "m": { "mm": 1000, "km": 0.001, "yd": 1.09361 },
    "mm": { "m": 0.001, "km": 0.000001, "yd": 0.00109361 },
    "km": { "m": 1000, "mm": 1000000, "yd": 1093.61 },
    "yd": { "m": 0.9144, "mm": 914.4, "km": 0.0009144 }
  }